"","season","hour","plant.scale","top","a","b","R2","site_name"
"1","Spring (MAM)","All Hours","scale_1x","Top 2%",0.572781584311465,-0.11966523965903,0.967234007216081,"Arcata_WWTF"
"2","Spring (MAM)","High Mixing Hours","scale_1x","Top 2%",0.453561594602808,0.327341954139423,0.943265341142336,"Arcata_WWTF"
"3","Spring (MAM)","Low Mixing Hours","scale_1x","Top 2%",0.570259584830293,0.161298604850135,0.968341455614918,"Arcata_WWTF"
"4","Summer (JJA)","All Hours","scale_1x","Top 2%",0.533338170108181,0.0332226978136757,0.966856904488988,"Arcata_WWTF"
"5","Summer (JJA)","High Mixing Hours","scale_1x","Top 2%",0.500773903601488,0.100144498694829,0.922059856470527,"Arcata_WWTF"
"6","Summer (JJA)","Low Mixing Hours","scale_1x","Top 2%",0.586373186217914,0.0244757953323734,0.967039578371188,"Arcata_WWTF"
"7","Fall (SON)","All Hours","scale_1x","Top 2%",0.573621755438878,0.155965906899588,0.974068885466213,"Arcata_WWTF"
"8","Fall (SON)","High Mixing Hours","scale_1x","Top 2%",0.520244302311392,0.00773995388884446,0.942356911120889,"Arcata_WWTF"
"9","Fall (SON)","Low Mixing Hours","scale_1x","Top 2%",0.698764289951065,-0.196378998910136,0.975892911606075,"Arcata_WWTF"
"10","Winter (DJF)","All Hours","scale_1x","Top 2%",0.655374075142021,0.092870511105409,0.985135539320415,"Arcata_WWTF"
"11","Winter (DJF)","High Mixing Hours","scale_1x","Top 2%",0.583037167059577,-0.17092073254461,0.966739071424944,"Arcata_WWTF"
"12","Winter (DJF)","Low Mixing Hours","scale_1x","Top 2%",0.720766047272416,-0.0457011387917134,0.989264029619882,"Arcata_WWTF"
"13","All","All Hours","scale_1x","Top 2%",0.535960430221335,0.341263213309826,0.976225496632476,"Arcata_WWTF"
"14","All","High Mixing Hours","scale_1x","Top 2%",0.480318118145561,0.210792559123414,0.95234505155258,"Arcata_WWTF"
"15","All","Low Mixing Hours","scale_1x","Top 2%",0.674969143236958,-0.0639438573375953,0.980587379649763,"Arcata_WWTF"
"16","Spring (MAM)","All Hours","scale_1x","Top 2%",0.565850632589285,0.0842527551037727,0.976691449083167,"Atwater_WWTF"
"17","Spring (MAM)","High Mixing Hours","scale_1x","Top 2%",0.439159196913998,0.345955419259287,0.914685040545534,"Atwater_WWTF"
"18","Spring (MAM)","Low Mixing Hours","scale_1x","Top 2%",0.514779928612974,0.620853585667311,0.976852282053929,"Atwater_WWTF"
"19","Summer (JJA)","All Hours","scale_1x","Top 2%",0.611039474370409,-0.222130502056578,0.976134233379216,"Atwater_WWTF"
"20","Summer (JJA)","High Mixing Hours","scale_1x","Top 2%",0.380552465427041,0.662178660465965,0.790212052659469,"Atwater_WWTF"
"21","Summer (JJA)","Low Mixing Hours","scale_1x","Top 2%",0.586182287308225,0.107826122311461,0.983368263132235,"Atwater_WWTF"
"22","Fall (SON)","All Hours","scale_1x","Top 2%",0.548745773199088,0.549309600856937,0.976135864580341,"Atwater_WWTF"
"23","Fall (SON)","High Mixing Hours","scale_1x","Top 2%",0.468111990431543,0.285939323782954,0.924008371211093,"Atwater_WWTF"
"24","Fall (SON)","Low Mixing Hours","scale_1x","Top 2%",0.639916594737464,0.308948800154906,0.973011669355793,"Atwater_WWTF"
"25","Winter (DJF)","All Hours","scale_1x","Top 2%",0.536731903934267,0.550980520844365,0.984743967734905,"Atwater_WWTF"
"26","Winter (DJF)","High Mixing Hours","scale_1x","Top 2%",0.500199207556514,0.158661925632482,0.961414381429154,"Atwater_WWTF"
"27","Winter (DJF)","Low Mixing Hours","scale_1x","Top 2%",0.622311784584722,0.436941652304583,0.990801059792259,"Atwater_WWTF"
"28","All","All Hours","scale_1x","Top 2%",0.53601745145687,0.339092808628696,0.98040073215364,"Atwater_WWTF"
"29","All","High Mixing Hours","scale_1x","Top 2%",0.452900023112883,0.317971441241243,0.939412800571966,"Atwater_WWTF"
"30","All","Low Mixing Hours","scale_1x","Top 2%",0.572603930777125,0.50581789672186,0.974706101865496,"Atwater_WWTF"
"31","Spring (MAM)","All Hours","scale_1x","Top 2%",0.521332946513142,0.445939972594903,0.980672361209366,"BakersfieldWWTP2"
"32","Spring (MAM)","High Mixing Hours","scale_1x","Top 2%",0.42156424897132,0.487286090701493,0.899090149966389,"BakersfieldWWTP2"
"33","Spring (MAM)","Low Mixing Hours","scale_1x","Top 2%",0.606272530615579,0.42429493539288,0.97988307425438,"BakersfieldWWTP2"
"34","Summer (JJA)","All Hours","scale_1x","Top 2%",0.522934782239245,0.388647061759101,0.977684891424646,"BakersfieldWWTP2"
"35","Summer (JJA)","High Mixing Hours","scale_1x","Top 2%",0.402670121497963,0.531793052465729,0.758401576192117,"BakersfieldWWTP2"
"36","Summer (JJA)","Low Mixing Hours","scale_1x","Top 2%",0.581447171958252,0.465075536749105,0.973345433976844,"BakersfieldWWTP2"
"37","Fall (SON)","All Hours","scale_1x","Top 2%",0.488951087610809,0.693768577924277,0.983437445253843,"BakersfieldWWTP2"
"38","Fall (SON)","High Mixing Hours","scale_1x","Top 2%",0.552494738673883,-0.0197930722670152,0.963895009551164,"BakersfieldWWTP2"
"39","Fall (SON)","Low Mixing Hours","scale_1x","Top 2%",0.61149658747587,0.461453711263359,0.987720682016655,"BakersfieldWWTP2"
"40","Winter (DJF)","All Hours","scale_1x","Top 2%",0.578619791034353,0.604415006592754,0.977447341918655,"BakersfieldWWTP2"
"41","Winter (DJF)","High Mixing Hours","scale_1x","Top 2%",0.492438949526969,0.283699982025877,0.97082008773851,"BakersfieldWWTP2"
"42","Winter (DJF)","Low Mixing Hours","scale_1x","Top 2%",0.701018240361111,0.293069266790201,0.979340638451878,"BakersfieldWWTP2"
"43","All","All Hours","scale_1x","Top 2%",0.479376116124871,0.673750877184353,0.978816593209706,"BakersfieldWWTP2"
"44","All","High Mixing Hours","scale_1x","Top 2%",0.427242616866643,0.495313905118666,0.935566114262661,"BakersfieldWWTP2"
"45","All","Low Mixing Hours","scale_1x","Top 2%",0.562066596874338,0.638748435367851,0.98320163887511,"BakersfieldWWTP2"
"46","Spring (MAM)","All Hours","scale_1x","Top 2%",0.590526102072626,-0.235502628633112,0.980640014232743,"Calexico_WPCP"
"47","Spring (MAM)","High Mixing Hours","scale_1x","Top 2%",0.420681739731412,0.432569947081384,0.847749089277815,"Calexico_WPCP"
"48","Spring (MAM)","Low Mixing Hours","scale_1x","Top 2%",0.554517315556523,0.349616367093984,0.979575946515816,"Calexico_WPCP"
"49","Summer (JJA)","All Hours","scale_1x","Top 2%",0.577431089535233,-0.317428197870024,0.939632788160668,"Calexico_WPCP"
"50","Summer (JJA)","High Mixing Hours","scale_1x","Top 2%",0.409360562558446,0.460557036094249,0.780577390354818,"Calexico_WPCP"
"51","Summer (JJA)","Low Mixing Hours","scale_1x","Top 2%",0.607250826332902,-0.334623104274673,0.959254810430858,"Calexico_WPCP"
"52","Fall (SON)","All Hours","scale_1x","Top 2%",0.530835255918307,0.426570738041749,0.985744208346456,"Calexico_WPCP"
"53","Fall (SON)","High Mixing Hours","scale_1x","Top 2%",0.469904432145836,0.183718551724447,0.909862572170348,"Calexico_WPCP"
"54","Fall (SON)","Low Mixing Hours","scale_1x","Top 2%",0.711121029974641,-0.155066529549372,0.974207858433663,"Calexico_WPCP"
"55","Winter (DJF)","All Hours","scale_1x","Top 2%",0.607728162118142,0.297354654591147,0.986351202875014,"Calexico_WPCP"
"56","Winter (DJF)","High Mixing Hours","scale_1x","Top 2%",0.515998073080278,0.017462318415749,0.953869879776842,"Calexico_WPCP"
"57","Winter (DJF)","Low Mixing Hours","scale_1x","Top 2%",0.701697789022799,0.0196369032430778,0.968647311315777,"Calexico_WPCP"
"58","All","All Hours","scale_1x","Top 2%",0.592465530976871,-0.0064897926797706,0.988205301194045,"Calexico_WPCP"
"59","All","High Mixing Hours","scale_1x","Top 2%",0.42889143736454,0.395821670965138,0.904593267159734,"Calexico_WPCP"
"60","All","Low Mixing Hours","scale_1x","Top 2%",0.620780068772778,0.216444502552949,0.983753034767835,"Calexico_WPCP"
"61","Spring (MAM)","All Hours","scale_1x","Top 2%",0.590172265130296,0.349376592139917,0.977229036049312,"Corona_WWTP1"
"62","Spring (MAM)","High Mixing Hours","scale_1x","Top 2%",0.426765023292688,0.361718399236061,0.763775424182343,"Corona_WWTP1"
"63","Spring (MAM)","Low Mixing Hours","scale_1x","Top 2%",0.721979623926475,-0.0508145667302033,0.967956125591706,"Corona_WWTP1"
"64","Summer (JJA)","All Hours","scale_1x","Top 2%",0.622437201776868,0.227222602781676,0.970372545005803,"Corona_WWTP1"
"65","Summer (JJA)","High Mixing Hours","scale_1x","Top 2%",0.396607989014919,0.495391504492693,0.743967486441735,"Corona_WWTP1"
"66","Summer (JJA)","Low Mixing Hours","scale_1x","Top 2%",0.778919220399811,-0.319932512768556,0.971447807987716,"Corona_WWTP1"
"67","Fall (SON)","All Hours","scale_1x","Top 2%",0.663571039103591,0.178126856845108,0.975318852324531,"Corona_WWTP1"
"68","Fall (SON)","High Mixing Hours","scale_1x","Top 2%",0.604817040657484,-0.334013470856922,0.970297379298943,"Corona_WWTP1"
"69","Fall (SON)","Low Mixing Hours","scale_1x","Top 2%",0.687770556137048,0.211448017852991,0.972116399010898,"Corona_WWTP1"
"70","Winter (DJF)","All Hours","scale_1x","Top 2%",0.734531742462627,-0.0032490680380963,0.960357641637532,"Corona_WWTP1"
"71","Winter (DJF)","High Mixing Hours","scale_1x","Top 2%",0.457534303259734,0.747995163611942,0.963682602345569,"Corona_WWTP1"
"72","Winter (DJF)","Low Mixing Hours","scale_1x","Top 2%",0.76648859785298,-0.0387824021721824,0.937999810262056,"Corona_WWTP1"
"73","All","All Hours","scale_1x","Top 2%",0.63501897240669,0.253917584621962,0.976545536883662,"Corona_WWTP1"
"74","All","High Mixing Hours","scale_1x","Top 2%",0.509627910240279,0.00397105954577863,0.931724426366305,"Corona_WWTP1"
"75","All","Low Mixing Hours","scale_1x","Top 2%",0.718504507583203,0.0543264897609098,0.962516144780711,"Corona_WWTP1"
"76","Spring (MAM)","All Hours","scale_1x","Top 2%",0.575060511611265,-0.119685391785834,0.974632789407109,"Dublin_WWTP"
"77","Spring (MAM)","High Mixing Hours","scale_1x","Top 2%",0.451474434182922,0.261051878816218,0.928028683433882,"Dublin_WWTP"
"78","Spring (MAM)","Low Mixing Hours","scale_1x","Top 2%",0.569353096592297,0.204035050940674,0.980809006589961,"Dublin_WWTP"
"79","Summer (JJA)","All Hours","scale_1x","Top 2%",0.611245860095313,-0.417884927998178,0.955907991676145,"Dublin_WWTP"
"80","Summer (JJA)","High Mixing Hours","scale_1x","Top 2%",0.408704323550162,0.440760400567153,0.744554176382267,"Dublin_WWTP"
"81","Summer (JJA)","Low Mixing Hours","scale_1x","Top 2%",0.59684426525529,-0.168917277501711,0.981408637279405,"Dublin_WWTP"
"82","Fall (SON)","All Hours","scale_1x","Top 2%",0.541262811489666,0.172026529456167,0.980662012619742,"Dublin_WWTP"
"83","Fall (SON)","High Mixing Hours","scale_1x","Top 2%",0.44032849977815,0.363439046188554,0.933038100419595,"Dublin_WWTP"
"84","Fall (SON)","Low Mixing Hours","scale_1x","Top 2%",0.472412211895988,0.782143143097859,0.97628038483294,"Dublin_WWTP"
"85","Winter (DJF)","All Hours","scale_1x","Top 2%",0.265535945665937,1.74617708578555,0.963752457320748,"Dublin_WWTP"
"86","Winter (DJF)","High Mixing Hours","scale_1x","Top 2%",0.41783114673272,0.686371930876722,0.968523904845428,"Dublin_WWTP"
"87","Winter (DJF)","Low Mixing Hours","scale_1x","Top 2%",0.363260780569402,1.42378098499904,0.97284897820999,"Dublin_WWTP"
"88","All","All Hours","scale_1x","Top 2%",0.393672493785726,0.906986371094409,0.958247988117853,"Dublin_WWTP"
"89","All","High Mixing Hours","scale_1x","Top 2%",0.434867913579184,0.42874683542282,0.91490368298988,"Dublin_WWTP"
"90","All","Low Mixing Hours","scale_1x","Top 2%",0.346650873531776,1.35090953425838,0.969386422995602,"Dublin_WWTP"
"91","Spring (MAM)","All Hours","scale_1x","Top 2%",0.553257672095874,-0.0576917484452373,0.951908314551545,"El_Dorado_WPP"
"92","Spring (MAM)","High Mixing Hours","scale_1x","Top 2%",0.422473040895708,0.369634624731084,0.811646988866469,"El_Dorado_WPP"
"93","Spring (MAM)","Low Mixing Hours","scale_1x","Top 2%",0.592618049199248,-0.0652163068337939,0.969607779954848,"El_Dorado_WPP"
"94","Summer (JJA)","All Hours","scale_1x","Top 2%",0.550334882570147,-0.0139091982647316,0.954772948268612,"El_Dorado_WPP"
"95","Summer (JJA)","High Mixing Hours","scale_1x","Top 2%",0.398827221717505,0.474572795891212,0.743197530266454,"El_Dorado_WPP"
"96","Summer (JJA)","Low Mixing Hours","scale_1x","Top 2%",0.583531473604519,0.0612570863966513,0.943847647100061,"El_Dorado_WPP"
"97","Fall (SON)","All Hours","scale_1x","Top 2%",0.618963075214388,-0.378184332149082,0.957954226616808,"El_Dorado_WPP"
"98","Fall (SON)","High Mixing Hours","scale_1x","Top 2%",0.437949259952181,0.302431597668378,0.85388720568451,"El_Dorado_WPP"
"99","Fall (SON)","Low Mixing Hours","scale_1x","Top 2%",0.490189998012078,0.595728604581036,0.969057306949918,"El_Dorado_WPP"
"100","Winter (DJF)","All Hours","scale_1x","Top 2%",0.557369165985325,0.153048695552776,0.976301288793565,"El_Dorado_WPP"
"101","Winter (DJF)","High Mixing Hours","scale_1x","Top 2%",0.432597167182444,0.456935011180168,0.950026821376466,"El_Dorado_WPP"
"102","Winter (DJF)","Low Mixing Hours","scale_1x","Top 2%",0.633877755202662,0.0315612875407527,0.940799950822724,"El_Dorado_WPP"
"103","All","All Hours","scale_1x","Top 2%",0.620800211165666,-0.410330077227728,0.961794157544655,"El_Dorado_WPP"
"104","All","High Mixing Hours","scale_1x","Top 2%",0.421181134777757,0.41948997572402,0.888634499455099,"El_Dorado_WPP"
"105","All","Low Mixing Hours","scale_1x","Top 2%",0.539539406705908,0.260724304802838,0.973364606530249,"El_Dorado_WPP"
"106","Spring (MAM)","All Hours","scale_1x","Top 2%",0.616567828058034,-0.471385779150621,0.96207253993187,"Fairfield_Suisan"
"107","Spring (MAM)","High Mixing Hours","scale_1x","Top 2%",0.446474074535778,0.263853642415419,0.889661219440474,"Fairfield_Suisan"
"108","Spring (MAM)","Low Mixing Hours","scale_1x","Top 2%",0.642048899026773,-0.467253755732516,0.982660597993098,"Fairfield_Suisan"
"109","Summer (JJA)","All Hours","scale_1x","Top 2%",0.511846503531252,-0.134592181007258,0.773682453108472,"Fairfield_Suisan"
"110","Summer (JJA)","High Mixing Hours","scale_1x","Top 2%",0.391635678278552,0.499520226606835,0.623226624124543,"Fairfield_Suisan"
"111","Summer (JJA)","Low Mixing Hours","scale_1x","Top 2%",0.597127169125082,-0.550767126647679,0.875774402129455,"Fairfield_Suisan"
"112","Fall (SON)","All Hours","scale_1x","Top 2%",0.597721369577919,-0.208683132598575,0.984074682159867,"Fairfield_Suisan"
"113","Fall (SON)","High Mixing Hours","scale_1x","Top 2%",0.431007540826206,0.375162190855673,0.893504059101955,"Fairfield_Suisan"
"114","Fall (SON)","Low Mixing Hours","scale_1x","Top 2%",0.572105926271305,0.231730383872896,0.978638601431167,"Fairfield_Suisan"
"115","Winter (DJF)","All Hours","scale_1x","Top 2%",0.576743550265429,0.0812594442019877,0.990498055508492,"Fairfield_Suisan"
"116","Winter (DJF)","High Mixing Hours","scale_1x","Top 2%",0.537612394107198,-0.069121884061443,0.952627111405244,"Fairfield_Suisan"
"117","Winter (DJF)","Low Mixing Hours","scale_1x","Top 2%",0.568361473606117,0.502741866543964,0.984919248227164,"Fairfield_Suisan"
"118","All","All Hours","scale_1x","Top 2%",0.59938718810535,-0.289703644947009,0.977049818900036,"Fairfield_Suisan"
"119","All","High Mixing Hours","scale_1x","Top 2%",0.41806193979475,0.469478051865415,0.871784449054579,"Fairfield_Suisan"
"120","All","Low Mixing Hours","scale_1x","Top 2%",0.572806624713211,0.0813833160576445,0.987205198883854,"Fairfield_Suisan"
"121","Spring (MAM)","All Hours","scale_1x","Top 2%",0.560852029664756,0.0948960572382985,0.980411103100923,"Fresno-Clovis"
"122","Spring (MAM)","High Mixing Hours","scale_1x","Top 2%",0.428833428435861,0.419612518107768,0.893866687404727,"Fresno-Clovis"
"123","Spring (MAM)","Low Mixing Hours","scale_1x","Top 2%",0.538688486428899,0.512169738953349,0.973812926527702,"Fresno-Clovis"
"124","Summer (JJA)","All Hours","scale_1x","Top 2%",0.610450813939169,-0.307956501438505,0.976802410795775,"Fresno-Clovis"
"125","Summer (JJA)","High Mixing Hours","scale_1x","Top 2%",0.431402180608337,0.365739275460513,0.892697100866482,"Fresno-Clovis"
"126","Summer (JJA)","Low Mixing Hours","scale_1x","Top 2%",0.616184753406247,-0.216906809011189,0.976898672923822,"Fresno-Clovis"
"127","Fall (SON)","All Hours","scale_1x","Top 2%",0.555531208093528,0.553788281747764,0.978546757934103,"Fresno-Clovis"
"128","Fall (SON)","High Mixing Hours","scale_1x","Top 2%",0.488980154194092,0.188887000918816,0.967688069057075,"Fresno-Clovis"
"129","Fall (SON)","Low Mixing Hours","scale_1x","Top 2%",0.647074976586245,0.335633637503963,0.987456100660706,"Fresno-Clovis"
"130","Winter (DJF)","All Hours","scale_1x","Top 2%",0.513939040628059,0.80223189447613,0.98000852559902,"Fresno-Clovis"
"131","Winter (DJF)","High Mixing Hours","scale_1x","Top 2%",0.630831779112285,-0.441569714001624,0.981277054988735,"Fresno-Clovis"
"132","Winter (DJF)","Low Mixing Hours","scale_1x","Top 2%",0.683592626208391,0.316316840030128,0.980333759346443,"Fresno-Clovis"
"133","All","All Hours","scale_1x","Top 2%",0.515019310715306,0.494289004396104,0.983041860929763,"Fresno-Clovis"
"134","All","High Mixing Hours","scale_1x","Top 2%",0.460487494722837,0.304257103350761,0.950909146797705,"Fresno-Clovis"
"135","All","Low Mixing Hours","scale_1x","Top 2%",0.563286857541092,0.595691220431474,0.989727416643743,"Fresno-Clovis"
"136","Spring (MAM)","All Hours","scale_1x","Top 2%",0.565527044722916,0.201711670560395,0.954231692798687,"Healdsburg_WRF"
"137","Spring (MAM)","High Mixing Hours","scale_1x","Top 2%",0.446946194301426,0.376115516582469,0.945614873927636,"Healdsburg_WRF"
"138","Spring (MAM)","Low Mixing Hours","scale_1x","Top 2%",0.62088891038087,0.282583509345119,0.96957670514759,"Healdsburg_WRF"
"139","Summer (JJA)","All Hours","scale_1x","Top 2%",0.585197667494811,0.116037027001187,0.957552311952703,"Healdsburg_WRF"
"140","Summer (JJA)","High Mixing Hours","scale_1x","Top 2%",0.461596104503219,0.205778413788471,0.789742161633563,"Healdsburg_WRF"
"141","Summer (JJA)","Low Mixing Hours","scale_1x","Top 2%",0.719606947560631,-0.191871480419091,0.97881426536161,"Healdsburg_WRF"
"142","Fall (SON)","All Hours","scale_1x","Top 2%",0.590353180325759,0.302540086668462,0.973836112770238,"Healdsburg_WRF"
"143","Fall (SON)","High Mixing Hours","scale_1x","Top 2%",0.495440788670685,0.127645114506937,0.933573387402533,"Healdsburg_WRF"
"144","Fall (SON)","Low Mixing Hours","scale_1x","Top 2%",0.637919130124633,0.291323006013061,0.98000711542763,"Healdsburg_WRF"
"145","Winter (DJF)","All Hours","scale_1x","Top 2%",0.577984931008473,0.557937733061473,0.973495564403171,"Healdsburg_WRF"
"146","Winter (DJF)","High Mixing Hours","scale_1x","Top 2%",0.631543066800171,-0.291743860060334,0.974875166826039,"Healdsburg_WRF"
"147","Winter (DJF)","Low Mixing Hours","scale_1x","Top 2%",0.666690730425513,0.392036846200477,0.954880021778195,"Healdsburg_WRF"
"148","All","All Hours","scale_1x","Top 2%",0.550800202620713,0.338566726040773,0.949742320282492,"Healdsburg_WRF"
"149","All","High Mixing Hours","scale_1x","Top 2%",0.442433529823969,0.428480376085456,0.953350067566122,"Healdsburg_WRF"
"150","All","Low Mixing Hours","scale_1x","Top 2%",0.598119215217148,0.418851429693803,0.98913275644624,"Healdsburg_WRF"
"151","Spring (MAM)","All Hours","scale_1x","Top 2%",0.623032174527326,0.224524368505458,0.985168432750477,"IEUA_Plant"
"152","Spring (MAM)","High Mixing Hours","scale_1x","Top 2%",0.422723298348914,0.384349991247337,0.752084380468282,"IEUA_Plant"
"153","Spring (MAM)","Low Mixing Hours","scale_1x","Top 2%",0.728705233063498,-0.0648088117399857,0.97415850624041,"IEUA_Plant"
"154","Summer (JJA)","All Hours","scale_1x","Top 2%",0.655326013993259,0.099016242506302,0.978118205122763,"IEUA_Plant"
"155","Summer (JJA)","High Mixing Hours","scale_1x","Top 2%",0.393227786479965,0.512356907427525,0.701672613310119,"IEUA_Plant"
"156","Summer (JJA)","Low Mixing Hours","scale_1x","Top 2%",0.722573947755849,-0.0663667533299526,0.979260526530333,"IEUA_Plant"
"157","Fall (SON)","All Hours","scale_1x","Top 2%",0.657267592407471,0.218190422607098,0.981483516113506,"IEUA_Plant"
"158","Fall (SON)","High Mixing Hours","scale_1x","Top 2%",0.600368562350817,-0.306802268138768,0.971721611291583,"IEUA_Plant"
"159","Fall (SON)","Low Mixing Hours","scale_1x","Top 2%",0.691579085211629,0.204898432506806,0.979369359157397,"IEUA_Plant"
"160","Winter (DJF)","All Hours","scale_1x","Top 2%",0.635265338865954,0.389102594238336,0.976712445671108,"IEUA_Plant"
"161","Winter (DJF)","High Mixing Hours","scale_1x","Top 2%",0.490661652258552,0.595463827972243,0.974283153019938,"IEUA_Plant"
"162","Winter (DJF)","Low Mixing Hours","scale_1x","Top 2%",0.656263541098278,0.360602742550726,0.969804916926089,"IEUA_Plant"
"163","All","All Hours","scale_1x","Top 2%",0.616318772640238,0.34111383110004,0.980218139500858,"IEUA_Plant"
"164","All","High Mixing Hours","scale_1x","Top 2%",0.522476059902403,-0.0707388140866719,0.936885183440447,"IEUA_Plant"
"165","All","Low Mixing Hours","scale_1x","Top 2%",0.649093413523281,0.32647911401822,0.973963859421585,"IEUA_Plant"
"166","Spring (MAM)","All Hours","scale_1x","Top 2%",0.683918330648377,-0.0239784662249722,0.981690253325095,"Joint_WPCA"
"167","Spring (MAM)","High Mixing Hours","scale_1x","Top 2%",0.421936615796194,0.359750255716654,0.795805708981936,"Joint_WPCA"
"168","Spring (MAM)","Low Mixing Hours","scale_1x","Top 2%",0.700410774888249,0.0194721101653884,0.975802682499269,"Joint_WPCA"
"169","Summer (JJA)","All Hours","scale_1x","Top 2%",0.695112827194417,-0.159765677934524,0.979687019276373,"Joint_WPCA"
"170","Summer (JJA)","High Mixing Hours","scale_1x","Top 2%",0.411129498289725,0.407250019649004,0.636374822543035,"Joint_WPCA"
"171","Summer (JJA)","Low Mixing Hours","scale_1x","Top 2%",0.700090730717037,-0.0795585199375976,0.981536944837858,"Joint_WPCA"
"172","Fall (SON)","All Hours","scale_1x","Top 2%",0.663451779605875,0.161822291223047,0.98090099010839,"Joint_WPCA"
"173","Fall (SON)","High Mixing Hours","scale_1x","Top 2%",0.638412390009767,-0.446011204087599,0.980852451876536,"Joint_WPCA"
"174","Fall (SON)","Low Mixing Hours","scale_1x","Top 2%",0.661796016618411,0.281293592554053,0.988021378659154,"Joint_WPCA"
"175","Winter (DJF)","All Hours","scale_1x","Top 2%",0.699150583266892,0.0539486120270687,0.981169511231987,"Joint_WPCA"
"176","Winter (DJF)","High Mixing Hours","scale_1x","Top 2%",0.579148401284844,0.0716130333612759,0.975164045157282,"Joint_WPCA"
"177","Winter (DJF)","Low Mixing Hours","scale_1x","Top 2%",0.699987249532311,0.258351313394794,0.981132838517839,"Joint_WPCA"
"178","All","All Hours","scale_1x","Top 2%",0.681928189915887,0.0318663017055876,0.982522896405096,"Joint_WPCA"
"179","All","High Mixing Hours","scale_1x","Top 2%",0.569883024071235,-0.34072154430289,0.923847633168777,"Joint_WPCA"
"180","All","Low Mixing Hours","scale_1x","Top 2%",0.710800748610566,0.0196712945160957,0.979767466920275,"Joint_WPCA"
"181","Spring (MAM)","All Hours","scale_1x","Top 2%",0.551012476830317,-0.168309479149818,0.949259476324836,"Lancaster_WPP"
"182","Spring (MAM)","High Mixing Hours","scale_1x","Top 2%",0.397954247391351,0.530792311813645,0.817941098173581,"Lancaster_WPP"
"183","Spring (MAM)","Low Mixing Hours","scale_1x","Top 2%",0.598615975557671,-0.237870904922795,0.982129144924373,"Lancaster_WPP"
"184","Summer (JJA)","All Hours","scale_1x","Top 2%",0.607796161351335,-0.518950497886734,0.942027963914125,"Lancaster_WPP"
"185","Summer (JJA)","High Mixing Hours","scale_1x","Top 2%",0.397742355502516,0.479523411011024,0.704787198752031,"Lancaster_WPP"
"186","Summer (JJA)","Low Mixing Hours","scale_1x","Top 2%",0.63741682940407,-0.580541973260663,0.967056766647575,"Lancaster_WPP"
"187","Fall (SON)","All Hours","scale_1x","Top 2%",0.57040214441074,0.0256329395169053,0.989661062175839,"Lancaster_WPP"
"188","Fall (SON)","High Mixing Hours","scale_1x","Top 2%",0.45724104835943,0.261630902402096,0.888797422817886,"Lancaster_WPP"
"189","Fall (SON)","Low Mixing Hours","scale_1x","Top 2%",0.6343582466949,-0.0381814451032828,0.984503289822315,"Lancaster_WPP"
"190","Winter (DJF)","All Hours","scale_1x","Top 2%",0.569315723552651,0.174871413640708,0.987676334251268,"Lancaster_WPP"
"191","Winter (DJF)","High Mixing Hours","scale_1x","Top 2%",0.443385200129307,0.4284324528846,0.922923305985427,"Lancaster_WPP"
"192","Winter (DJF)","Low Mixing Hours","scale_1x","Top 2%",0.654516010487094,0.155577921953031,0.984345737436787,"Lancaster_WPP"
"193","All","All Hours","scale_1x","Top 2%",0.552338543455765,0.0124037662535798,0.980074714884218,"Lancaster_WPP"
"194","All","High Mixing Hours","scale_1x","Top 2%",0.411531977653218,0.493612620945022,0.840228637800025,"Lancaster_WPP"
"195","All","Low Mixing Hours","scale_1x","Top 2%",0.579818271736255,0.134085344167555,0.984955844571592,"Lancaster_WPP"
"196","Spring (MAM)","All Hours","scale_1x","Top 2%",0.57471263450031,-0.137872486733564,0.971670833795069,"MONTEREY_WPCA"
"197","Spring (MAM)","High Mixing Hours","scale_1x","Top 2%",0.425489590781219,0.421217992256549,0.845343062463843,"MONTEREY_WPCA"
"198","Spring (MAM)","Low Mixing Hours","scale_1x","Top 2%",0.570508802431802,0.14630690357822,0.97397898206088,"MONTEREY_WPCA"
"199","Summer (JJA)","All Hours","scale_1x","Top 2%",0.623762631669094,-0.432028683529177,0.965260655329184,"MONTEREY_WPCA"
"200","Summer (JJA)","High Mixing Hours","scale_1x","Top 2%",0.428265168730573,0.417226792759606,0.860612642031208,"MONTEREY_WPCA"
"201","Summer (JJA)","Low Mixing Hours","scale_1x","Top 2%",0.610221396325965,-0.185330691451984,0.985120980179806,"MONTEREY_WPCA"
"202","Fall (SON)","All Hours","scale_1x","Top 2%",0.526081718926788,0.543456186502454,0.978923643957357,"MONTEREY_WPCA"
"203","Fall (SON)","High Mixing Hours","scale_1x","Top 2%",0.458375400604029,0.283519215510397,0.925381018777018,"MONTEREY_WPCA"
"204","Fall (SON)","Low Mixing Hours","scale_1x","Top 2%",0.663619181635589,0.0766911627385219,0.97851829434924,"MONTEREY_WPCA"
"205","Winter (DJF)","All Hours","scale_1x","Top 2%",0.620167192472332,0.300785876727645,0.981181170005083,"MONTEREY_WPCA"
"206","Winter (DJF)","High Mixing Hours","scale_1x","Top 2%",0.556880714249519,-0.128046992059865,0.962532929596394,"MONTEREY_WPCA"
"207","Winter (DJF)","Low Mixing Hours","scale_1x","Top 2%",0.64938746159041,0.257959256909595,0.982109111398855,"MONTEREY_WPCA"
"208","All","All Hours","scale_1x","Top 2%",0.528392664310064,0.435026406465387,0.973706717058858,"MONTEREY_WPCA"
"209","All","High Mixing Hours","scale_1x","Top 2%",0.460534138981011,0.256439911917999,0.907076826063696,"MONTEREY_WPCA"
"210","All","Low Mixing Hours","scale_1x","Top 2%",0.623296852479672,0.252865993478624,0.984632474024409,"MONTEREY_WPCA"
"211","Spring (MAM)","All Hours","scale_1x","Top 2%",0.535376968073398,0.239752203738709,0.976112795643417,"Palm_WPCP"
"212","Spring (MAM)","High Mixing Hours","scale_1x","Top 2%",0.448122706957462,0.212173818205576,0.861799311161123,"Palm_WPCP"
"213","Spring (MAM)","Low Mixing Hours","scale_1x","Top 2%",0.616444579811324,0.243836902070808,0.98443931365418,"Palm_WPCP"
"214","Summer (JJA)","All Hours","scale_1x","Top 2%",0.596174029843882,-0.376405072087743,0.937441123311502,"Palm_WPCP"
"215","Summer (JJA)","High Mixing Hours","scale_1x","Top 2%",0.426547123462029,0.328603470198275,0.827270205373274,"Palm_WPCP"
"216","Summer (JJA)","Low Mixing Hours","scale_1x","Top 2%",0.700780674389345,-0.774359267487574,0.976227466953757,"Palm_WPCP"
"217","Fall (SON)","All Hours","scale_1x","Top 2%",0.599693670403148,0.404784232976891,0.97618939032095,"Palm_WPCP"
"218","Fall (SON)","High Mixing Hours","scale_1x","Top 2%",0.58868253568795,-0.470682116463844,0.948195458493396,"Palm_WPCP"
"219","Fall (SON)","Low Mixing Hours","scale_1x","Top 2%",0.629377508087509,0.51256667289472,0.971216067975959,"Palm_WPCP"
"220","Winter (DJF)","All Hours","scale_1x","Top 2%",0.618816905929873,0.498837219040129,0.973932068362136,"Palm_WPCP"
"221","Winter (DJF)","High Mixing Hours","scale_1x","Top 2%",0.754772834091297,-1.11240245428552,0.97664889219759,"Palm_WPCP"
"222","Winter (DJF)","Low Mixing Hours","scale_1x","Top 2%",0.707671205216504,0.336975487063983,0.961854099451747,"Palm_WPCP"
"223","All","All Hours","scale_1x","Top 2%",0.543606516335201,0.563546716079074,0.975759370526882,"Palm_WPCP"
"224","All","High Mixing Hours","scale_1x","Top 2%",0.519016669115857,-0.115915801510037,0.936273547805014,"Palm_WPCP"
"225","All","Low Mixing Hours","scale_1x","Top 2%",0.615690390564734,0.490405928586864,0.97634423649908,"Palm_WPCP"
"226","Spring (MAM)","All Hours","scale_1x","Top 2%",0.516877935410318,0.447388476938461,0.987961774373839,"Porterville_WWTF"
"227","Spring (MAM)","High Mixing Hours","scale_1x","Top 2%",0.417475865580689,0.526215336816323,0.893251874598623,"Porterville_WWTF"
"228","Spring (MAM)","Low Mixing Hours","scale_1x","Top 2%",0.651335687338554,0.192085057156881,0.986535044232404,"Porterville_WWTF"
"229","Summer (JJA)","All Hours","scale_1x","Top 2%",0.551575886503418,0.232104349796774,0.979653933393328,"Porterville_WWTF"
"230","Summer (JJA)","High Mixing Hours","scale_1x","Top 2%",0.396280660788955,0.580754922950269,0.810570601308581,"Porterville_WWTF"
"231","Summer (JJA)","Low Mixing Hours","scale_1x","Top 2%",0.529878230562057,0.61890904046585,0.980882691450187,"Porterville_WWTF"
"232","Fall (SON)","All Hours","scale_1x","Top 2%",0.583577063114586,0.240340229387212,0.978717369744431,"Porterville_WWTF"
"233","Fall (SON)","High Mixing Hours","scale_1x","Top 2%",0.454890336802477,0.383205946270054,0.915908048986528,"Porterville_WWTF"
"234","Fall (SON)","Low Mixing Hours","scale_1x","Top 2%",0.652128410779154,0.209395892637933,0.987514408616905,"Porterville_WWTF"
"235","Winter (DJF)","All Hours","scale_1x","Top 2%",0.593304179262882,0.489118022586464,0.983340733268306,"Porterville_WWTF"
"236","Winter (DJF)","High Mixing Hours","scale_1x","Top 2%",0.507273319354853,0.420481843440154,0.98256801846982,"Porterville_WWTF"
"237","Winter (DJF)","Low Mixing Hours","scale_1x","Top 2%",0.748437287623361,0.00560254210741419,0.974800302254005,"Porterville_WWTF"
"238","All","All Hours","scale_1x","Top 2%",0.512584536074222,0.528524662845381,0.963317033442016,"Porterville_WWTF"
"239","All","High Mixing Hours","scale_1x","Top 2%",0.433722697592656,0.479895693996275,0.913557726354379,"Porterville_WWTF"
"240","All","Low Mixing Hours","scale_1x","Top 2%",0.654100437104855,0.222526968295102,0.9837388270968,"Porterville_WWTF"
"241","Spring (MAM)","All Hours","scale_1x","Top 2%",0.487588029250038,0.494845285670167,0.970762528552385,"Redding_WWTP"
"242","Spring (MAM)","High Mixing Hours","scale_1x","Top 2%",0.435150010938299,0.410740201939733,0.89873171969336,"Redding_WWTP"
"243","Spring (MAM)","Low Mixing Hours","scale_1x","Top 2%",0.543641553141124,0.561796693866053,0.965684071843284,"Redding_WWTP"
"244","Summer (JJA)","All Hours","scale_1x","Top 2%",0.573718985532592,-0.0908667442631509,0.952754140831382,"Redding_WWTP"
"245","Summer (JJA)","High Mixing Hours","scale_1x","Top 2%",0.417867640105238,0.429075965157492,0.841452192391909,"Redding_WWTP"
"246","Summer (JJA)","Low Mixing Hours","scale_1x","Top 2%",0.658411198699977,-0.206947247544383,0.950498683327855,"Redding_WWTP"
"247","Fall (SON)","All Hours","scale_1x","Top 2%",0.528443782993371,0.465996553714163,0.977243976886997,"Redding_WWTP"
"248","Fall (SON)","High Mixing Hours","scale_1x","Top 2%",0.447569264738764,0.353724071069997,0.906339168666878,"Redding_WWTP"
"249","Fall (SON)","Low Mixing Hours","scale_1x","Top 2%",0.673732928018294,0.111050837627794,0.962304664059121,"Redding_WWTP"
"250","Winter (DJF)","All Hours","scale_1x","Top 2%",0.591376322691011,0.528240723916446,0.958481012380699,"Redding_WWTP"
"251","Winter (DJF)","High Mixing Hours","scale_1x","Top 2%",0.491889337570696,0.462859661967578,0.974037131122737,"Redding_WWTP"
"252","Winter (DJF)","Low Mixing Hours","scale_1x","Top 2%",0.681712047421102,0.308552302622939,0.954583424828684,"Redding_WWTP"
"253","All","All Hours","scale_1x","Top 2%",0.499265352431074,0.577285836533123,0.980766242373932,"Redding_WWTP"
"254","All","High Mixing Hours","scale_1x","Top 2%",0.441142543610225,0.441685276061346,0.912091209145954,"Redding_WWTP"
"255","All","Low Mixing Hours","scale_1x","Top 2%",0.596440376612429,0.442100995372693,0.976887736054968,"Redding_WWTP"
"256","Spring (MAM)","All Hours","scale_1x","Top 2%",0.639500465707932,-0.527229162768508,0.964359580853813,"Sacramento"
"257","Spring (MAM)","High Mixing Hours","scale_1x","Top 2%",0.413851729082388,0.423761774499824,0.828312463662695,"Sacramento"
"258","Spring (MAM)","Low Mixing Hours","scale_1x","Top 2%",0.681650825359542,-0.526479182095271,0.970467903467447,"Sacramento"
"259","Summer (JJA)","All Hours","scale_1x","Top 2%",0.620441202259673,-0.485816495760668,0.957468734739023,"Sacramento"
"260","Summer (JJA)","High Mixing Hours","scale_1x","Top 2%",0.37941105240417,0.592238865263748,0.795518115473578,"Sacramento"
"261","Summer (JJA)","Low Mixing Hours","scale_1x","Top 2%",0.621862424581676,-0.314534223405271,0.978924196363832,"Sacramento"
"262","Fall (SON)","All Hours","scale_1x","Top 2%",0.669121696672412,-0.481155480034366,0.976492677623813,"Sacramento"
"263","Fall (SON)","High Mixing Hours","scale_1x","Top 2%",0.442899025739553,0.324844280293399,0.891399642916393,"Sacramento"
"264","Fall (SON)","Low Mixing Hours","scale_1x","Top 2%",0.635627754179025,-0.037840063759383,0.981061322837866,"Sacramento"
"265","Winter (DJF)","All Hours","scale_1x","Top 2%",0.562688425793346,0.116878818889551,0.988188540160901,"Sacramento"
"266","Winter (DJF)","High Mixing Hours","scale_1x","Top 2%",0.517189819634378,0.0706137600840585,0.93915064422577,"Sacramento"
"267","Winter (DJF)","Low Mixing Hours","scale_1x","Top 2%",0.652377608380677,-0.0158593911797509,0.982676711340117,"Sacramento"
"268","All","All Hours","scale_1x","Top 2%",0.629208312145607,-0.434987198342711,0.975781041603181,"Sacramento"
"269","All","High Mixing Hours","scale_1x","Top 2%",0.457337054418525,0.2493520735983,0.905221663527519,"Sacramento"
"270","All","Low Mixing Hours","scale_1x","Top 2%",0.626272178214493,-0.167058482878889,0.980260147709459,"Sacramento"
"271","Spring (MAM)","All Hours","scale_1x","Top 2%",0.59790874720347,-0.214039971885531,0.987521990943409,"SanDiego_Metro"
"272","Spring (MAM)","High Mixing Hours","scale_1x","Top 2%",0.47136094678099,0.0937184612157228,0.8208693363695,"SanDiego_Metro"
"273","Spring (MAM)","Low Mixing Hours","scale_1x","Top 2%",0.680042455969715,-0.340570657213812,0.982619270996524,"SanDiego_Metro"
"274","Summer (JJA)","All Hours","scale_1x","Top 2%",0.628355931884445,-0.358016270898647,0.989221452928067,"SanDiego_Metro"
"275","Summer (JJA)","High Mixing Hours","scale_1x","Top 2%",0.409581647618542,0.434046235519268,0.824503050826938,"SanDiego_Metro"
"276","Summer (JJA)","Low Mixing Hours","scale_1x","Top 2%",0.682845960042522,-0.347088440287648,0.981069017112358,"SanDiego_Metro"
"277","Fall (SON)","All Hours","scale_1x","Top 2%",0.595052425181076,-0.0856452882158747,0.976771531111803,"SanDiego_Metro"
"278","Fall (SON)","High Mixing Hours","scale_1x","Top 2%",0.477932620449927,0.113274722295468,0.886193911791683,"SanDiego_Metro"
"279","Fall (SON)","Low Mixing Hours","scale_1x","Top 2%",0.606488267519922,0.153700953580526,0.972781058507819,"SanDiego_Metro"
"280","Winter (DJF)","All Hours","scale_1x","Top 2%",0.584126765088524,0.0316003900773334,0.983810803405752,"SanDiego_Metro"
"281","Winter (DJF)","High Mixing Hours","scale_1x","Top 2%",0.537969599276136,-0.126871201362706,0.916600301895129,"SanDiego_Metro"
"282","Winter (DJF)","Low Mixing Hours","scale_1x","Top 2%",0.611344880911119,0.180741959839178,0.976589554517359,"SanDiego_Metro"
"283","All","All Hours","scale_1x","Top 2%",0.53833562044748,0.107263280566414,0.962648698222209,"SanDiego_Metro"
"284","All","High Mixing Hours","scale_1x","Top 2%",0.451431503472618,0.234708189728368,0.880150700449701,"SanDiego_Metro"
"285","All","Low Mixing Hours","scale_1x","Top 2%",0.535949960957284,0.378260910431908,0.97325653767836,"SanDiego_Metro"
"286","Spring (MAM)","All Hours","scale_1x","Top 2%",0.572770965695865,0.0300072699987974,0.977998681609959,"SanJose_WPCP"
"287","Spring (MAM)","High Mixing Hours","scale_1x","Top 2%",0.405732747772216,0.563638294083966,0.877836111898406,"SanJose_WPCP"
"288","Spring (MAM)","Low Mixing Hours","scale_1x","Top 2%",0.566631124434147,0.367601395801461,0.97856883120049,"SanJose_WPCP"
"289","Summer (JJA)","All Hours","scale_1x","Top 2%",0.575783507458122,-0.0915946255130012,0.974068280863115,"SanJose_WPCP"
"290","Summer (JJA)","High Mixing Hours","scale_1x","Top 2%",0.391565742784424,0.613133622604332,0.795164845397469,"SanJose_WPCP"
"291","Summer (JJA)","Low Mixing Hours","scale_1x","Top 2%",0.541140942206259,0.347336496648722,0.97498209350503,"SanJose_WPCP"
"292","Fall (SON)","All Hours","scale_1x","Top 2%",0.523796496325443,0.513632857223866,0.982362825365193,"SanJose_WPCP"
"293","Fall (SON)","High Mixing Hours","scale_1x","Top 2%",0.485233157653467,0.231539065285133,0.919220186039076,"SanJose_WPCP"
"294","Fall (SON)","Low Mixing Hours","scale_1x","Top 2%",0.666425884447888,0.0830975897300052,0.968757201963652,"SanJose_WPCP"
"295","Winter (DJF)","All Hours","scale_1x","Top 2%",0.581505710574554,0.201864393108433,0.985747071988579,"SanJose_WPCP"
"296","Winter (DJF)","High Mixing Hours","scale_1x","Top 2%",0.53551166901468,0.102956605503909,0.959877760781662,"SanJose_WPCP"
"297","Winter (DJF)","Low Mixing Hours","scale_1x","Top 2%",0.632690680990206,0.234053878727928,0.975803543691784,"SanJose_WPCP"
"298","All","All Hours","scale_1x","Top 2%",0.55414026110042,0.211941873030049,0.982696123289913,"SanJose_WPCP"
"299","All","High Mixing Hours","scale_1x","Top 2%",0.450716124366291,0.374983458158669,0.902322734376977,"SanJose_WPCP"
"300","All","Low Mixing Hours","scale_1x","Top 2%",0.569838330079638,0.421290484004798,0.979722456387326,"SanJose_WPCP"
"301","Spring (MAM)","All Hours","scale_1x","Top 2%",0.474342752005607,0.49232903737356,0.970652308176334,"SOCWA_TP"
"302","Spring (MAM)","High Mixing Hours","scale_1x","Top 2%",0.478986606172258,0.232958438455928,0.94314123235396,"SOCWA_TP"
"303","Spring (MAM)","Low Mixing Hours","scale_1x","Top 2%",0.514627900558278,0.593687197914032,0.979593301610354,"SOCWA_TP"
"304","Summer (JJA)","All Hours","scale_1x","Top 2%",0.399549711076588,0.842226812430563,0.959181386665959,"SOCWA_TP"
"305","Summer (JJA)","High Mixing Hours","scale_1x","Top 2%",0.476744420228512,0.239115236572179,0.943464098359868,"SOCWA_TP"
"306","Summer (JJA)","Low Mixing Hours","scale_1x","Top 2%",0.459414271474247,0.845697248911696,0.972019024334692,"SOCWA_TP"
"307","Fall (SON)","All Hours","scale_1x","Top 2%",0.460237122732315,0.7523806884721,0.972917476065517,"SOCWA_TP"
"308","Fall (SON)","High Mixing Hours","scale_1x","Top 2%",0.514367846721644,0.126691506117824,0.946635852646179,"SOCWA_TP"
"309","Fall (SON)","Low Mixing Hours","scale_1x","Top 2%",0.54105040231718,0.683425692455839,0.941064736478329,"SOCWA_TP"
"310","Winter (DJF)","All Hours","scale_1x","Top 2%",0.540561973982245,0.464579605691661,0.982080555103815,"SOCWA_TP"
"311","Winter (DJF)","High Mixing Hours","scale_1x","Top 2%",0.416190202910583,0.717846237180437,0.971127444956696,"SOCWA_TP"
"312","Winter (DJF)","Low Mixing Hours","scale_1x","Top 2%",0.682665009794582,0.0922477470948881,0.973626360159496,"SOCWA_TP"
"313","All","All Hours","scale_1x","Top 2%",0.520287518515935,0.319883241360344,0.987000990359339,"SOCWA_TP"
"314","All","High Mixing Hours","scale_1x","Top 2%",0.457528616097447,0.377136188112684,0.958411337112403,"SOCWA_TP"
"315","All","Low Mixing Hours","scale_1x","Top 2%",0.565622372126714,0.414263904957464,0.988912763030946,"SOCWA_TP"
"316","Spring (MAM)","All Hours","scale_1x","Top 2%",0.46685739757989,0.165396503173024,0.89002487412354,"Southeast_WPCP"
"317","Spring (MAM)","High Mixing Hours","scale_1x","Top 2%",0.371448845255186,0.691238576576249,0.796184819979572,"Southeast_WPCP"
"318","Spring (MAM)","Low Mixing Hours","scale_1x","Top 2%",0.549213650616202,-0.196777799149695,0.963944386628338,"Southeast_WPCP"
"319","Summer (JJA)","All Hours","scale_1x","Top 2%",0.493004655240668,0.0397372688305375,0.840142052025303,"Southeast_WPCP"
"320","Summer (JJA)","High Mixing Hours","scale_1x","Top 2%",0.361792441315532,0.72774340630567,0.731824476295287,"Southeast_WPCP"
"321","Summer (JJA)","Low Mixing Hours","scale_1x","Top 2%",0.54443698447757,-0.172233736927594,0.924175892847723,"Southeast_WPCP"
"322","Fall (SON)","All Hours","scale_1x","Top 2%",0.546585741676135,-0.145868910760777,0.949269250811305,"Southeast_WPCP"
"323","Fall (SON)","High Mixing Hours","scale_1x","Top 2%",0.400646771197672,0.562711082167148,0.846160290687696,"Southeast_WPCP"
"324","Fall (SON)","Low Mixing Hours","scale_1x","Top 2%",0.568603879573062,-0.0763552818559731,0.986309947169463,"Southeast_WPCP"
"325","Winter (DJF)","All Hours","scale_1x","Top 2%",0.377476707389428,0.972599685146335,0.908450992560091,"Southeast_WPCP"
"326","Winter (DJF)","High Mixing Hours","scale_1x","Top 2%",0.466511093705831,0.266213733398995,0.917971269935322,"Southeast_WPCP"
"327","Winter (DJF)","Low Mixing Hours","scale_1x","Top 2%",0.516818104137004,0.50782684466486,0.913590060551676,"Southeast_WPCP"
"328","All","All Hours","scale_1x","Top 2%",0.51694368870374,-0.0252297125921904,0.964288543010361,"Southeast_WPCP"
"329","All","High Mixing Hours","scale_1x","Top 2%",0.392862204343511,0.612211851101178,0.846756855184304,"Southeast_WPCP"
"330","All","Low Mixing Hours","scale_1x","Top 2%",0.467517662874243,0.421743124564895,0.932798920714861,"Southeast_WPCP"
"331","Spring (MAM)","All Hours","scale_1x","Top 2%",0.512179349816807,0.342029350625033,0.977122344990849,"Ukiah_WWTP"
"332","Spring (MAM)","High Mixing Hours","scale_1x","Top 2%",0.444713517801241,0.34071883588697,0.878099811380104,"Ukiah_WWTP"
"333","Spring (MAM)","Low Mixing Hours","scale_1x","Top 2%",0.509674529391659,0.552134648916421,0.977548751261806,"Ukiah_WWTP"
"334","Summer (JJA)","All Hours","scale_1x","Top 2%",0.529832613866154,0.167775837782283,0.971508320554009,"Ukiah_WWTP"
"335","Summer (JJA)","High Mixing Hours","scale_1x","Top 2%",0.392052531525176,0.587169584295473,0.826474754179979,"Ukiah_WWTP"
"336","Summer (JJA)","Low Mixing Hours","scale_1x","Top 2%",0.602813644390952,0.00384900368182081,0.983574191329001,"Ukiah_WWTP"
"337","Fall (SON)","All Hours","scale_1x","Top 2%",0.568304902205425,0.100740806790253,0.978181912878987,"Ukiah_WWTP"
"338","Fall (SON)","High Mixing Hours","scale_1x","Top 2%",0.449517386901029,0.330847633797959,0.872922844768062,"Ukiah_WWTP"
"339","Fall (SON)","Low Mixing Hours","scale_1x","Top 2%",0.667890659166621,0.000730438961307784,0.990105070022531,"Ukiah_WWTP"
"340","Winter (DJF)","All Hours","scale_1x","Top 2%",0.604603612717695,0.353933076244327,0.976520648845388,"Ukiah_WWTP"
"341","Winter (DJF)","High Mixing Hours","scale_1x","Top 2%",0.625956184492212,-0.315437035262706,0.966194204191987,"Ukiah_WWTP"
"342","Winter (DJF)","Low Mixing Hours","scale_1x","Top 2%",0.732164154478202,0.0244628127200628,0.952691610196261,"Ukiah_WWTP"
"343","All","All Hours","scale_1x","Top 2%",0.530717451736732,0.2778694251797,0.98594418905119,"Ukiah_WWTP"
"344","All","High Mixing Hours","scale_1x","Top 2%",0.455143979962023,0.315619408073417,0.906305280482231,"Ukiah_WWTP"
"345","All","Low Mixing Hours","scale_1x","Top 2%",0.571489112379279,0.409370528296579,0.979570997963045,"Ukiah_WWTP"
"346","Spring (MAM)","All Hours","scale_1x","Top 2%",0.61192978003496,-0.0625389361556253,0.984235217240432,"Vacaville_WWTP"
"347","Spring (MAM)","High Mixing Hours","scale_1x","Top 2%",0.443919814476049,0.316148215970724,0.909905153923033,"Vacaville_WWTP"
"348","Spring (MAM)","Low Mixing Hours","scale_1x","Top 2%",0.684605608314681,-0.0290851718529829,0.978552144810155,"Vacaville_WWTP"
"349","Summer (JJA)","All Hours","scale_1x","Top 2%",0.606189905402235,-0.201245294990819,0.98536534668339,"Vacaville_WWTP"
"350","Summer (JJA)","High Mixing Hours","scale_1x","Top 2%",0.40125307412834,0.484902010900424,0.792022760270776,"Vacaville_WWTP"
"351","Summer (JJA)","Low Mixing Hours","scale_1x","Top 2%",0.641982255906365,-0.0776539496098634,0.985830406152956,"Vacaville_WWTP"
"352","Fall (SON)","All Hours","scale_1x","Top 2%",0.675267208261312,-0.0434338011324984,0.983668905503295,"Vacaville_WWTP"
"353","Fall (SON)","High Mixing Hours","scale_1x","Top 2%",0.441317693734426,0.349516342053377,0.912748415866519,"Vacaville_WWTP"
"354","Fall (SON)","Low Mixing Hours","scale_1x","Top 2%",0.722027440931551,-0.134890121800053,0.974124014441983,"Vacaville_WWTP"
"355","Winter (DJF)","All Hours","scale_1x","Top 2%",0.632470244963352,0.248935197869309,0.980894877471179,"Vacaville_WWTP"
"356","Winter (DJF)","High Mixing Hours","scale_1x","Top 2%",0.526046746678364,0.075879262042513,0.965702461040632,"Vacaville_WWTP"
"357","Winter (DJF)","Low Mixing Hours","scale_1x","Top 2%",0.710887252227137,0.0736812737912827,0.973968995992707,"Vacaville_WWTP"
"358","All","All Hours","scale_1x","Top 2%",0.586784051894717,0.239459843273194,0.985779440200065,"Vacaville_WWTP"
"359","All","High Mixing Hours","scale_1x","Top 2%",0.420053962358442,0.498342215670939,0.892904795352818,"Vacaville_WWTP"
"360","All","Low Mixing Hours","scale_1x","Top 2%",0.691284716370699,-0.010261674420436,0.980857127422908,"Vacaville_WWTP"
"361","Spring (MAM)","All Hours","scale_1x","Top 2%",0.619850389024718,-0.18148261945201,0.986940074298861,"Z-Best_Facility"
"362","Spring (MAM)","High Mixing Hours","scale_1x","Top 2%",0.428277878602765,0.436415667677653,0.896467162395998,"Z-Best_Facility"
"363","Spring (MAM)","Low Mixing Hours","scale_1x","Top 2%",0.613484690986572,0.15276506463471,0.987318448559041,"Z-Best_Facility"
"364","Summer (JJA)","All Hours","scale_1x","Top 2%",0.625413726120083,-0.362006561300699,0.98331470669179,"Z-Best_Facility"
"365","Summer (JJA)","High Mixing Hours","scale_1x","Top 2%",0.441701603265149,0.303133914220274,0.835918457453915,"Z-Best_Facility"
"366","Summer (JJA)","Low Mixing Hours","scale_1x","Top 2%",0.645527475715352,-0.156440604177249,0.986018801148568,"Z-Best_Facility"
"367","Fall (SON)","All Hours","scale_1x","Top 2%",0.574226566880747,0.120464336879234,0.980325474974208,"Z-Best_Facility"
"368","Fall (SON)","High Mixing Hours","scale_1x","Top 2%",0.495251707136738,0.084472403813218,0.916519359090081,"Z-Best_Facility"
"369","Fall (SON)","Low Mixing Hours","scale_1x","Top 2%",0.595914026297814,0.302411504394522,0.979486740325114,"Z-Best_Facility"
"370","Winter (DJF)","All Hours","scale_1x","Top 2%",0.503178085007343,0.586610265320664,0.972806118264558,"Z-Best_Facility"
"371","Winter (DJF)","High Mixing Hours","scale_1x","Top 2%",0.628436856060874,-0.419372727235948,0.956891797312949,"Z-Best_Facility"
"372","Winter (DJF)","Low Mixing Hours","scale_1x","Top 2%",0.720932397748889,0.105998371872121,0.974224831900447,"Z-Best_Facility"
"373","All","All Hours","scale_1x","Top 2%",0.607068666782333,-0.198918310335527,0.988537020954495,"Z-Best_Facility"
"374","All","High Mixing Hours","scale_1x","Top 2%",0.435473868833463,0.437064211228424,0.918140657943657,"Z-Best_Facility"
"375","All","Low Mixing Hours","scale_1x","Top 2%",0.583063563302585,0.187395010327832,0.985398545286963,"Z-Best_Facility"
"376","Spring (MAM)","All Hours","scale_1x","Top 2%",0.564028039911314,0.200181981736158,0.988535638882617,"ZWEDC"
"377","Spring (MAM)","High Mixing Hours","scale_1x","Top 2%",0.442872194633513,0.395557414661807,0.956921263885446,"ZWEDC"
"378","Spring (MAM)","Low Mixing Hours","scale_1x","Top 2%",0.591166584709239,0.387765746773035,0.983919884254088,"ZWEDC"
"379","Summer (JJA)","All Hours","scale_1x","Top 2%",0.589815388976665,0.00500273447269173,0.986819404950107,"ZWEDC"
"380","Summer (JJA)","High Mixing Hours","scale_1x","Top 2%",0.459250483876518,0.264823019523493,0.910290976987403,"ZWEDC"
"381","Summer (JJA)","Low Mixing Hours","scale_1x","Top 2%",0.622437722881143,0.0273895772803282,0.98335485692121,"ZWEDC"
"382","Fall (SON)","All Hours","scale_1x","Top 2%",0.541673645647293,0.540783670051477,0.985307528627069,"ZWEDC"
"383","Fall (SON)","High Mixing Hours","scale_1x","Top 2%",0.591443573975132,-0.277624068037645,0.965088102508706,"ZWEDC"
"384","Fall (SON)","Low Mixing Hours","scale_1x","Top 2%",0.702658424586768,0.130741364704308,0.970369553285272,"ZWEDC"
"385","Winter (DJF)","All Hours","scale_1x","Top 2%",0.530164246999804,0.668631617739197,0.980928123720736,"ZWEDC"
"386","Winter (DJF)","High Mixing Hours","scale_1x","Top 2%",0.642919710070241,-0.393776765661342,0.973732174500545,"ZWEDC"
"387","Winter (DJF)","Low Mixing Hours","scale_1x","Top 2%",0.680703504325007,0.280842935575785,0.970278533241764,"ZWEDC"
"388","All","All Hours","scale_1x","Top 2%",0.552349075735268,0.327879617804563,0.98869530197753,"ZWEDC"
"389","All","High Mixing Hours","scale_1x","Top 2%",0.545068423937434,-0.0860491302079822,0.973622363694134,"ZWEDC"
"390","All","Low Mixing Hours","scale_1x","Top 2%",0.58710960852359,0.490552468935941,0.980032781796532,"ZWEDC"
